군,주제,2021,2022,2023,2024,2025,합계,연평균증가율,QPI병행,QPI침투율,검색식
B,지질방울 대사,1296,1344,1451,1623,1999,7713,11.4%,23,0.30%,"""lipid droplet*""[tiab]"
B,미토콘드리아 투과성 전이·미토파지,1692,1851,1862,2135,2818,10358,13.6%,0,0.00%,"(""permeability transition""[tiab] OR mitophagy[tiab])"
B,핵막·응축체 안정성,577,568,716,770,1005,3636,14.9%,4,0.11%,"(""nuclear envelope""[tiab] OR ""biomolecular condensate*""[tiab])"
B,광학 생체모방(reflectin 등),10,12,13,25,13,73,6.8%,5,6.85%,"(reflectin[tiab] OR reflectins[tiab] OR ""intracellular refractive index""[tiab] OR (organelle*[tiab] AND ""light scattering""[tiab]))"
B,신경세포 형태(성상교세포·축삭),517,504,511,511,517,2560,0.0%,5,0.20%,"((astrocyte*[tiab] AND morpholog*[tiab]) OR ""axon growth""[tiab])"
C,"면역세포 치료·기전(CAR-M, NK, 에페로사이토시스)",720,754,749,934,1252,4409,14.8%,0,0.00%,"(""CAR-macrophage*""[tiab] OR ""CAR macrophage*""[tiab] OR efferocytosis[tiab] OR (""NK cell*""[tiab] AND cytotoxicity[tiab]))"
C,약물전달체 세포 흡수,2419,2281,2087,2317,2864,11968,4.3%,6,0.05%,"((nanoparticle*[tiab] OR ""extracellular vesicle*""[tiab]) AND (uptake[tiab] OR internalization[tiab]))"
C,세포사 기전(막 파괴·자가포식 세포사),168,195,134,113,130,740,-6.2%,0,0.00%,"(""autophagic cell death""[tiab] OR (""anticancer peptide*""[tiab] AND membrane[tiab]))"
C,오가노이드 동적(라이브) 이미징,36,44,51,49,86,266,24.3%,2,0.75%,"(organoid*[tiab] AND (""live imaging""[tiab] OR ""live-cell imaging""[tiab] OR ""time-lapse""[tiab] OR ""longitudinal imaging""[tiab]))"
C,시간축 가상 염색,1,0,0,3,3,7,31.6%,0,0.00%,"((""virtual staining""[tiab] OR ""virtual stain*""[tiab] OR ""in silico staining""[tiab] OR ""in silico labeling""[tiab]) AND (""time-lapse""[tiab] OR ""live cell*""[tiab] OR ""live-cell""[tiab] OR dynamic*[tiab]))"
C,NAMs 기반 약물 스크리닝·효능·독성 정량,339,467,501,623,884,2814,27.1%,4,0.14%,"((""new approach methodolog*""[tiab] OR NAMs[tiab] OR ""organ-on-a-chip""[tiab] OR ""organ-on-chip""[tiab] OR (organoid*[tiab] AND ""drug screening""[tiab])) AND (screening[tiab] OR efficacy[tiab] OR toxicity[tiab] OR cytotoxicity[tiab]))"
D,무표지 세포 표현형 분류,111,113,131,156,197,708,15.4%,43,6.07%,"(""label-free""[tiab] AND (classification[tiab] OR ""machine learning""[tiab] OR ""deep learning""[tiab]) AND cell*[tiab])"
E,세포 질량밀도·건조질량,73,61,60,68,70,332,-1.0%,56,16.87%,"((""dry mass""[tiab] OR ""mass density""[tiab]) AND cell*[tiab])"
E,세포 부피·수분 항상성·분자 혼잡,535,516,555,567,618,2791,3.7%,9,0.32%,"(""cell volume regulation""[tiab] OR ""macromolecular crowding""[tiab] OR (""water content""[tiab] AND cell*[tiab]))"
E,응축체 내부 농도 측정,24,16,41,42,44,167,16.4%,2,1.20%,"(""biomolecular condensate*""[tiab] AND concentration[tiab])"
